{"Total Iteration Time":5.142340881000564,"Timestep Consumption Time":1.0232318239995948,"z_vel":-41.54226157557883,"SB3 Clip Fraction":0.09730666379133861,"_runtime":28763.028938208,"Policy Entropy":1.1652445793151855,"Collected Steps per Second":12145.830398679884,"Timesteps Collected":50030,"y_vel":1.5141603468684062,"PPO Batch Consumption Time":0.10028664271036784,"Value Function Update Magnitude":0.06554030627012253,"x_vel":67.74871527226651,"_timestamp":1.7272079264764528e+09,"Cumulative Timesteps":185086728,"Timestep Collection Time":4.119109057000969,"_step":7401,"Value Function Loss":0.040667748699585594,"Policy Update Magnitude":0.06390418112277985,"Mean KL Divergence":0.0097329953374962,"Cumulative Model Updates":11091,"_wandb":{"runtime":28763},"Policy Reward":-0.09337360676656359,"Overall Steps per Second":9729.032197154826}