{"Cumulative Model Updates":4683,"Total Iteration Time":4.613331062002544,"z_vel":14.735725570976403,"Value Function Update Magnitude":0.04489557072520256,"x_vel":46.50188988915926,"_runtime":7486.07080985,"_step":3123,"PPO Batch Consumption Time":0.02678227424621582,"Overall Steps per Second":10842.05736110521,"Policy Update Magnitude":0.03884869068861008,"SB3 Clip Fraction":0.10375333080689113,"Mean KL Divergence":0.010018331619600454,"Policy Reward":-0.03930699154544151,"Timestep Consumption Time":0.6982217330041749,"Timestep Collection Time":3.915109328998369,"Cumulative Timesteps":78136738,"Timesteps Collected":50018,"Value Function Loss":0.025425440942247707,"y_vel":346.53387588718726,"_timestamp":1.7271364665635889e+09,"Collected Steps per Second":12775.63301477368,"Policy Entropy":1.1780638297398884,"_wandb":{"runtime":7489}}