{"Total Iteration Time":5.347753689000456,"Collected Steps per Second":11491.906545902384,"Overall Steps per Second":9349.720070848189,"Value Function Loss":0.04315995052456856,"z_vel":-36.46137006629713,"_wandb":{"runtime":27251},"_timestamp":1.7272051892134295e+09,"Timestep Collection Time":4.350888149001548,"Value Function Update Magnitude":0.07371093332767487,"Cumulative Model Updates":10251,"y_vel":-22.92114235731706,"SB3 Clip Fraction":0.08327999711036682,"Cumulative Timesteps":171030174,"Mean KL Divergence":0.007376379799097776,"PPO Batch Consumption Time":0.07495276133219402,"Timesteps Collected":50000,"Timestep Consumption Time":0.9968655399989075,"Policy Update Magnitude":0.06284788995981216,"_step":6837,"Policy Entropy":1.1956979433695476,"_runtime":26123.639157845,"Policy Reward":-0.03943643298983064,"x_vel":20.087932062007486}